[{"title":"Dr. Ana Souza","precedencia":"Cardiologia","startTime":"08:00:00","endTime":"09:00:00","data_de_agendamento":"2024-11-20"},{"title":"Dr. Pedro Oliveira","precedencia":"Neurologia","startTime":"09:30:00","endTime":"10:30:00","data_de_agendamento":"2024-11-21"},{"title":"Dra. Clara Costa","precedencia":"Ortopedia","startTime":"11:00:00","endTime":"12:00:00","data_de_agendamento":"2024-11-22"},{"title":"Dr. Jo?o Almeida","precedencia":"Ginecologia","startTime":"13:00:00","endTime":"14:00:00","data_de_agendamento":"2024-11-23"},{"title":"Dra. Maria Silva","precedencia":"Pediatria","startTime":"15:30:00","endTime":"16:30:00","data_de_agendamento":"2024-11-24"},{"title":"Dr. Luiz Santos","precedencia":"Dermatologia","startTime":"10:00:00","endTime":"11:00:00","data_de_agendamento":"2024-11-25"},{"title":"Dra. Juliana Freitas","precedencia":"Oftalmologia","startTime":"12:30:00","endTime":"13:30:00","data_de_agendamento":"2024-11-26"},{"title":"Dr. Marcos Braga","precedencia":"Oncologia","startTime":"14:00:00","endTime":"15:00:00","data_de_agendamento":"2024-11-27"}]